﻿<?xml version="1.0" encoding="UTF-8" standalone="yes"?>
<addon id="plugin.video.Compus1286" name="[COLOR green]Com[/COLOR][COLOR white]pus[/COLOR][COLOR red]1286[/COLOR]" version="C.2.2" provider-name="Compus1286 Team">
  <requires>
    <import addon="xbmc.python" version="2.1.0"/>
    <import addon="script.module.requests" /> 
    <import addon="plugin.video.youtube" />	
	<import addon="script.module.youtube.dl" optional="true"/>
	<import addon="plugin.video.SportsDevil" optional="true"/>
	<import addon="plugin.video.p2p-streams" optional="true"/>
  </requires>
  <extension point="xbmc.python.pluginsource" library="default.py">
        <provides>video</provides>
  </extension>
  <extension point="xbmc.addon.metadata">
    <summary lang="en">Compus1286</summary>
    <description lang="en">[COLOR green][B]Com[/B][/COLOR][COLOR white][B]pus[/B][/COLOR][COLOR red][B]1286[/B][/COLOR] es un addon de Kodi que permite transmitir contenidos multimedia.</description>
    <disclaimer lang="en">[B]Este addon es una creacion de comtenido multimedia.[/B] Utilízalo bajo tu responsabilidad. Su autor queda eximido de toda responsabilidad si este addon se distribuye con acceso a contenidos protegidos por derechos de autor sin el permiso de sus creadores.</disclaimer>
    <platform>all</platform>
  </extension>
</addon>