﻿<?xml version="1.0" encoding="UTF-8"?>
<addon
    id="plugin.video.ViendoKodiStreaming"
    version="0.0.4.b"
    name="[COLOR 00000000] [/COLOR][COLOR blue]ViendoKodi[/COLOR] [COLOR red]Streaming[/COLOR]"
    provider-name="[COLOR red]ViendoKodi[/COLOR] Team">
    <requires>
        <import addon="xbmc.python" version="2.14.0"/>
        <import addon="script.module.requests" />
    </requires>
    <extension
        point="xbmc.python.pluginsource"
        library="default.py">
        <provides>video</provides>
    </extension>
    <extension point="xbmc.addon.metadata">
        <summary>ViendoKodiStreaming</summary>
        <description>Addon derivado de SportDevil de MaxMustermann con las modificaciones de : Al101, Hubbab3, Sattekop.[CR]
            Realizado por : [COLOR red]ViendoKodi Team[/COLOR]
            Componentes : [COLOR gold]leylay[/COLOR], [COLOR purple]HarryElSuzio[/COLOR], [COLOR blue]Mr.BlueSky[/COLOR]
            Visita : http://viendokodi.esforos.com

        </description>

      	<disclaimer>Se entrega “tal cual” y “por lo que dure” y por tanto, no se ofrece ningún tipo de garantía sobre su correcto funcionamiento actual o futuro.
            ¡Allá Tú! si decides instalarlo y utilizarlo.</disclaimer>
      	<language>es</language>
        <platform>all</platform>
    </extension>
</addon>
